fullname,id,gender,birthyear,address
Maria King,8984,male,1975,"777 Brockton Avenue, Abington MA 2351"
Cornelius Delgado,8119,female,1967,"30 Memorial Drive, Avon MA 2322"
Jo Underwood,5259,female,1981,"250 Hartford Avenue, Bellingham MA 2019"
Guadalupe Aguilar,4897,female,1976,"700 Oak Street, Brockton MA 2301"
Stacey Wood,6976,male,1968,"66-4 Parkhurst Rd, Chelmsford MA 1824"
Darin Dawson,3783,female,1965,"591 Memorial Dr, Chicopee MA 1020"
James Carson,7909,male,1976,"55 Brooksby Village Way, Danvers MA 1923"
Bonnie Taylor,3513,male,1969,"137 Teaticket Hwy, East Falmouth MA 2536"
Rickey Maldonado,4180,female,1976,"42 Fairhaven Commons Way, Fairhaven MA 2719"
Ivan Shaw,8290,female,1959,"374 William S Canning Blvd, Fall River MA 2721"
Krista Murphy,7948,female,1972,"121 Worcester Rd, Framingham MA 1701"
Mona Tyler,5025,female,1955,"677 Timpany Blvd, Gardner MA 1440"
Laverne Roberts,8029,female,1958,"337 Russell St, Hadley MA 1035"
Rex Soto,8625,female,1987,"295 Plymouth Street, Halifax MA 2338"
Robert Matthews,4320,female,1978,"1775 Washington St, Hanover MA 2339"
Maryann Newman,4462,female,1979,"280 Washington Street, Hudson MA 1749"
Gordon Oliver,5223,male,1960,"20 Soojian Dr, Leicester MA 1524"
Kelvin Greene,5275,female,1975,"11 Jungle Road, Leominster MA 1453"
Elbert Burns,8575,female,1986,"301 Massachusetts Ave, Lunenburg MA 1462"
Nicole Garrett,8476,male,1975,"780 Lynnway, Lynn MA 1905"
Jerald Crawford,8814,male,1986,"70 Pleasant Valley Street, Methuen MA 1844"
Catherine Torres,8635,male,1976,"830 Curran Memorial Hwy, North Adams MA 1247"
Stanley Vega,8866,male,1991,"1470 S Washington St, North Attleboro MA 2760"
Frederick Ray,4691,female,1958,"506 State Road, North Dartmouth MA 2747"
Loren Barnett,7172,female,1965,"742 Main Street, North Oxford MA 1537"
Terrance Wallace,7998,female,1986,"72 Main St, North Reading MA 1864"
Johanna Warren,5389,male,1975,"200 Otis Street, Northborough MA 1532"
Dallas Benson,8545,male,1980,"180 North King Street, Northhampton MA 1060"
Malcolm Cooper,8026,male,1986,"555 East Main St, Orange MA 1364"
Troy Mcdonald,7724,female,1980,"555 Hubbard Ave-Suite 12, Pittsfield MA 1201"
Sergio Morrison,5804,male,1961,"300 Colony Place, Plymouth MA 2360"
Genevieve Bell,3775,female,1984,"301 Falls Blvd, Quincy MA 2169"
Celia Swanson,7976,male,1967,"36 Paramount Drive, Raynham MA 2767"
Jordan Tran,6152,female,1986,"450 Highland Ave, Salem MA 1970"
Amy Black,3907,male,1992,"1180 Fall River Avenue, Seekonk MA 2771"
Craig Barton,7138,male,1965,"1105 Boston Road, Springfield MA 1119"
Lynn Adams,9102,female,1971,"100 Charlton Road, Sturbridge MA 1566"
Clifford Patton,4330,male,1982,"262 Swansea Mall Dr, Swansea MA 2777"
Wilma Simpson,7286,female,1978,"333 Main Street, Tewksbury MA 1876"
Dixie Campbell,9420,male,1955,"550 Providence Hwy, Walpole MA 2081"
Louis Rice,8402,male,1957,"352 Palmer Road, Ware MA 1082"
Nathan Holland,7232,male,1972,"3005 Cranberry Hwy Rt 6 28, Wareham MA 2538"
Terrence Wade,8784,male,1960,"250 Rt 59, Airmont NY 10901"
Everett Mathis,9433,female,1968,"141 Washington Ave Extension, Albany NY 12205"
Roberta Joseph,4169,female,1963,"13858 Rt 31 W, Albion NY 14411"
Julio Hardy,8951,male,1979,"2055 Niagara Falls Blvd, Amherst NY 14228"
Armando Fox,8324,female,1976,"101 Sanford Farm Shpg Center, Amsterdam NY 12010"
Iris Hunter,6506,female,1963,"297 Grant Avenue, Auburn NY 13021"
Otis Townsend,7203,female,1970,"4133 Veterans Memorial Drive, Batavia NY 14020"
Olive Harris,4042,male,1994,"6265 Brockport Spencerport Rd, Brockport NY 14420"
Ian Brewer,8878,male,1995,"5399 W Genesse St, Camillus NY 13031"
Greg Foster,7663,female,1993,"3191 County rd 10, Canandaigua NY 14424"
Erika Barnes,5313,male,1981,"30 Catskill, Catskill NY 12414"
Eric Mccarthy,7639,female,1969,"161 Centereach Mall, Centereach NY 11720"
Erik Mcguire,8653,male,1962,"3018 East Ave, Central Square NY 13036"
Archie Dawson,8310,female,1983,"100 Thruway Plaza, Cheektowaga NY 14225"
Nancy Hughes,7007,female,1961,"8064 Brewerton Rd, Cicero NY 13039"
Salvador Robbins,6958,female,1991,"5033 Transit Road, Clarence NY 14031"
Casey Neal,7449,female,1965,"3949 Route 31, Clay NY 13041"
Ricardo Wilkins,4584,female,1972,"139 Merchant Place, Cobleskill NY 12043"
Eva Miller,8086,female,1977,"85 Crooked Hill Road, Commack NY 11725"
Russell Reyes,3661,female,1983,"872 Route 13, Cortlandville NY 13045"
Cora Floyd,5769,male,1966,"279 Troy Road, East Greenbush NY 12061"
Rick Herrera,6963,male,1980,"2465 Hempstead Turnpike, East Meadow NY 11554"
Anne Morris,6540,male,1969,"6438 Basile Rowe, East Syracuse NY 13057"
Samuel Burke,9842,male,1972,"25737 US Rt 11, Evans Mills NY 13637"
Tara Hawkins,4298,female,1986,"901 Route 110, Farmingdale NY 11735"
Marc Little,7037,male,1956,"2400 Route 9, Fishkill NY 12524"
Andres Houston,5261,female,1958,"10401 Bennett Road, Fredonia NY 14063"
Geraldine George,8952,male,1985,"1818 State Route 3, Fulton NY 13069"
Fernando Roy,7916,female,1955,"4300 Lakeville Road, Geneseo NY 14454"
Myra Burgess,6983,male,1986,"990 Route 5 20, Geneva NY 14456"
Leah Wilkerson,9031,male,1991,"311 RT 9W, Glenmont NY 12077"
Danielle Ball,8141,female,1973,"200 Dutch Meadows Ln, Glenville NY 12302"
Carl Rios,8804,female,1976,"100 Elm Ridge Center Dr, Greece NY 14626"
Viola Thomas,3791,female,1955,"1549 Rt 9, Halfmoon NY 12065"
Esther Mendoza,6696,female,1980,"5360 Southwestern Blvd, Hamburg NY 14075"
Constance Ramsey,6542,female,1967,"103 North Caroline St, Herkimer NY 13350"
Irene Vasquez,4050,male,1963,"1000 State Route 36, Hornell NY 14843"
Nathaniel Watts,4337,female,1982,"1400 County Rd 64, Horseheads NY 14845"
Alberta Ingram,7662,male,1967,"135 Fairgrounds Memorial Pkwy, Ithaca NY 14850"
Gayle Welch,9390,female,1976,"2 Gannett Dr, Johnson City NY 13790"
Lindsey Elliott,3736,female,1981,"233 5th Ave Ext, Johnstown NY 12095"
Marcus Lindsey,9606,female,1965,"601 Frank Stottile Blvd, Kingston NY 12401"
Juana Jenkins,8468,female,1987,"350 E Fairmount Ave, Lakewood NY 14750"
Martha Peters,4377,female,1995,"4975 Transit Rd, Lancaster NY 14086"
Katie Glover,5566,male,1972,"579 Troy-Schenectady Road, Latham NY 12110"
Mark Perry,4614,female,1959,"5783 So Transit Road, Lockport NY 14094"
Jessie Rowe,4456,male,1991,"7155 State Rt 12 S, Lowville NY 13367"
Delores Gibbs,9375,female,1971,"425 Route 31, Macedon NY 14502"
Winston Schmidt,4546,female,1959,"3222 State Rt 11, Malone NY 12953"
Betsy Ramos,4316,male,1964,"200 Sunrise Mall, Massapequa NY 11758"
Wesley Terry,8628,female,1982,"43 Stephenville St, Massena NY 13662"
Stewart Bishop,7491,female,1978,"750 Middle Country Road, Middle Island NY 11953"
Ricky Frank,6832,male,1973,"470 Route 211 East, Middletown NY 10940"
Brooke Collins,6926,female,1970,"3133 E Main St, Mohegan Lake NY 10547"
Yolanda Gibson,6966,male,1978,"288 Larkin, Monroe NY 10950"
Julius Hammond,5830,male,1983,"41 Anawana Lake Road, Monticello NY 12701"
Trevor Klein,3659,female,1990,"4765 Commercial Drive, New Hartford NY 13413"
Olga Henry,9149,male,1958,"1201 Rt 300, Newburgh NY 12550"
Yolanda Lawrence,5954,male,1984,"255 W Main St, Avon CT 6001"
Karen Greene,8632,female,1957,"120 Commercial Parkway, Branford CT 6405"
Melinda Watts,9788,male,1958,"1400 Farmington Ave, Bristol CT 6010"
Terry Gibson,9532,female,1983,"161 Berlin Road, Cromwell CT 6416"
Rosemarie Simon,9360,male,1972,"777 Brockton Avenue, Abington MA 2351"
Dale Chandler,8537,male,1991,"656 New Haven Ave, Derby CT 6418"
Tommie Page,6284,male,1962,"69 Prospect Hill Road, East Windsor CT 6088"
Malcolm Wood,7874,female,1994,"150 Gold Star Hwy, Groton CT 6340"
Jorge Jennings,9184,female,1958,"900 Boston Post Road, Guilford CT 6437"
Tammy Sullivan,4650,male,1973,"2300 Dixwell Ave, Hamden CT 6514"
Sherri Stevenson,6354,male,1971,"495 Flatbush Ave, Hartford CT 6106"
Francis Mccoy,5227,male,1972,"180 River Rd, Lisbon CT 6351"
Noah Lambert,7330,female,1962,"420 Buckland Hills Dr, Manchester CT 6040"
Alvin Ryan,7469,male,1971,"1365 Boston Post Road, Milford CT 6460"
Ollie Green,8718,female,1960,"1100 New Haven Road, Naugatuck CT 6770"
Marta Alvarez,4729,female,1985,"315 Foxon Blvd, New Haven CT 6513"
Jerald Luna,7098,male,1986,"164 Danbury Rd, New Milford CT 6776"
Myrtle Barnes,3529,male,1986,"3164 Berlin Turnpike, Newington CT 6111"
Susan Flores,9401,male,1986,"474 Boston Post Road, North Windham CT 6256"
Gary Wilkerson,4703,female,1968,"650 Main Ave, Norwalk CT 6851"
Alberta Dunn,7242,female,1977,"680 Connecticut Avenue, Norwalk CT 6854"
Joanne Chapman,6024,female,1969,"220 Salem Turnpike, Norwich CT 6360"
Jacquelyn Hunter,6784,female,1958,"655 Boston Post Rd, Old Saybrook CT 6475"
Arthur Nguyen,8673,male,1994,"625 School Street, Putnam CT 6260"
Antoinette Wilson,6586,female,1991,"80 Town Line Rd, Rocky Hill CT 6067"
Terrence Mann,3517,female,1990,"465 Bridgeport Avenue, Shelton CT 6484"
Perry Hernandez,6081,male,1990,"235 Queen St, Southington CT 6489"
Pauline Johnson,9520,male,1955,"150 Barnum Avenue Cutoff, Stratford CT 6614"
Gladys Gardner,8994,male,1978,"970 Torringford Street, Torrington CT 6790"
Latoya Jordan,9746,female,1994,"844 No Colony Road, Wallingford CT 6492"
Tony Allison,8456,female,1972,"910 Wolcott St, Waterbury CT 6705"
Patsy Castro,9636,female,1957,"155 Waterford Parkway No, Waterford CT 6385"
Lucas Little,5384,female,1972,"515 Sawmill Road, West Haven CT 6516"
Deanna Silva,4398,male,1987,"2473 Hackworth Road, Adamsville AL 35005"
Harry Pearson,5267,female,1988,"630 Coonial Promenade Pkwy, Alabaster AL 35007"
Ron Gonzalez,7014,female,1957,"2643 Hwy 280 West, Alexander City AL 35010"
Derek Patton,7218,male,1972,"540 West Bypass, Andalusia AL 36420"
Alonzo Hayes,8246,female,1958,"5560 Mcclellan Blvd, Anniston AL 36206"
Marie Sherman,9437,female,1989,"1450 No Brindlee Mtn Pkwy, Arab AL 35016"
Ed Franklin,9059,female,1963,"1011 US Hwy 72 East, Athens AL 35611"
Lindsey Carlson,8445,male,1969,"973 Gilbert Ferry Road Se, Attalla AL 35954"
Nicolas Rogers,5283,female,1981,"1717 South College Street, Auburn AL 36830"
Daryl Joseph,7166,male,1978,"701 Mcmeans Ave, Bay Minette AL 36507"
Hector Padilla,7899,male,1992,"750 Academy Drive, Bessemer AL 35022"
Penny Barnett,7466,male,1956,"312 Palisades Blvd, Birmingham AL 35209"
Ben Ross,6209,male,1977,"1600 Montclair Rd, Birmingham AL 35210"
Adrienne Lucas,8211,female,1986,"5919 Trussville Crossings Pkwy, Birmingham AL 35235"
Rudy Boone,6772,female,1975,"9248 Parkway East, Birmingham AL 35206"
Luis Murray,5917,female,1985,"1972 Hwy 431, Boaz AL 35957"
Carl Parsons,4182,male,1991,"10675 Hwy 5, Brent AL 35034"
Alexander Cross,7767,male,1979,"2041 Douglas Avenue, Brewton AL 36426"
Barry Cain,6102,male,1989,"5100 Hwy 31, Calera AL 35040"
Lawrence Robertson,9152,female,1987,"1916 Center Point Rd, Center Point AL 35215"
Darla Vasquez,7873,female,1990,"1950 W Main St, Centre AL 35960"
Fredrick Miles,7194,female,1979,"16077 Highway 280, Chelsea AL 35043"
Dorothy Summers,4261,female,1987,"1415 7Th Street South, Clanton AL 35045"
Catherine Erickson,8744,male,1969,"626 Olive Street Sw, Cullman AL 35055"
Jamie Jackson,5394,female,1973,"27520 Hwy 98, Daphne AL 36526"
Erik Snyder,7686,male,1963,"2800 Spring Avn SW, Decatur AL 35603"
Jessica Payne,5117,male,1958,"969 Us Hwy 80 West, Demopolis AL 36732"
Juan Russell,7050,male,1964,"3300 South Oates Street, Dothan AL 36301"
Milton Martin,9054,female,1986,"4310 Montgomery Hwy, Dothan AL 36303"
Carlos Baker,4930,female,1987,"600 Boll Weevil Circle, Enterprise AL 36330"
Harvey Holland,6304,male,1980,"3176 South Eufaula Avenue, Eufaula AL 36027"
Roosevelt Romero,5487,male,1966,"7100 Aaron Aronov Drive, Fairfield AL 35064"
Andy Gill,8841,female,1971,"10040 County Road 48, Fairhope AL 36533"
Leigh Sharp,3934,male,1957,"3186 Hwy 171 North, Fayette AL 35555"
Hilda Allen,5953,female,1983,"3100 Hough Rd, Florence AL 35630"
Raymond Weber,5253,male,1990,"2200 South Mckenzie St, Foley AL 36535"
Gerald Henry,7206,male,1976,"2001 Glenn Bldv Sw, Fort Payne AL 35968"
Jean Price,3502,female,1967,"340 East Meighan Blvd, Gadsden AL 35903"
Verna Marshall,7820,male,1968,"890 Odum Road, Gardendale AL 35071"
Mona Porter,3826,male,1980,"1608 W Magnolia Ave, Geneva AL 36340"
Maureen Todd,7861,female,1966,"501 Willow Lane, Greenville AL 36037"
Glenda Woods,4633,male,1971,"170 Fort Morgan Road, Gulf Shores AL 36542"
Seth Hampton,9568,male,1978,"11697 US Hwy 431, Guntersville AL 35976"
Alison Nichols,5568,male,1983,"42417 Hwy 195, Haleyville AL 35565"
Kayla Evans,9609,female,1979,"1706 Military Street South, Hamilton AL 35570"
Levi Freeman,8446,female,1986,"1201 Hwy 31 NW, Hartselle AL 35640"
Henry Williamson,3475,male,1955,"209 Lakeshore Parkway, Homewood AL 35209"
Virgil Jacobs,6387,male,1966,"2780 John Hawkins Pkwy, Hoover AL 35244"
Shelley Hughes,6793,female,1966,"5335 Hwy 280 South, Hoover AL 35242"
Clifford Obrien,8014,male,1957,"1007 Red Farmer Drive, Hueytown AL 35023"
Armando Harrison,6781,male,1967,"2900 S Mem PkwyDrake Ave, Huntsville AL 35801"
Judith Conner,5974,female,1966,"11610 Memorial Pkwy South, Huntsville AL 35803"
Peter Underwood,5643,female,1990,"2200 Sparkman Drive, Huntsville AL 35810"
Betsy Gutierrez,4137,male,1962,"330 Sutton Rd, Huntsville AL 35763"
Alexis Mcbride,9048,female,1968,"6140A Univ Drive, Huntsville AL 35806"
Courtney Kennedy,8288,female,1973,"4206 N College Ave, Jackson AL 36545"
Clint Lynch,6909,male,1966,"1625 Pelham South, Jacksonville AL 36265"
Bertha Smith,7215,female,1994,"1801 Hwy 78 East, Jasper AL 35501"
Marshall Huff,9291,female,1981,"8551 Whitfield Ave, Leeds AL 35094"
Robin Ramsey,4200,male,1956,"8650 Madison Blvd, Madison AL 35758"
Noel Holmes,8231,male,1983,"145 Kelley Blvd, Millbrook AL 36054"
Leland Oliver,6713,female,1961,"1970 S University Blvd, Mobile AL 36609"
Ellis Davidson,8603,female,1967,"6350 Cottage Hill Road, Mobile AL 36609"
Laverne Mendoza,7990,female,1988,"101 South Beltline Highway, Mobile AL 36606"
Diana Robbins,8407,female,1958,"2500 Dawes Road, Mobile AL 36695"
Rickey Mckenzie,4260,female,1957,"5245 Rangeline Service Rd, Mobile AL 36619"
Beth Simmons,9480,male,1960,"685 Schillinger Rd, Mobile AL 36695"